"","Source","Target","Weight","Type","Modularity Class"
"1","10","12","894","Undirected","267"
"2","10","110","378","Undirected","267"
"3","10","116","308","Undirected","267"
"4","10","130","289","Undirected","267"
"5","10","261","218","Undirected","267"
"6","10","262","577","Undirected","267"
"7","10","264","577","Undirected","267"
"8","10","283","292","Undirected","267"
"9","10","284","447","Undirected","267"
"10","10","315","447","Undirected","267"
"11","10","348","54","Undirected","267"
"12","10","402","707","Undirected","267"
"13","10","404","378","Undirected","267"
"14","10","423","136","Undirected","267"
"15","100","101","487","Undirected","84"
"16","100","102","1000","Undirected","84"
"17","100","111","811","Undirected","84"
"18","100","122","302","Undirected","84"
"19","100","133","845","Undirected","84"
"20","100","154","1000","Undirected","84"
"21","100","195","1000","Undirected","84"
"22","100","213","447","Undirected","84"
"23","100","234","1000","Undirected","84"
"24","100","333","177","Undirected","84"
"25","100","344","1000","Undirected","84"
"26","100","348","54","Undirected","84"
"27","100","357","707","Undirected","84"
"28","100","398","577","Undirected","84"
"29","100","406","594","Undirected","84"
"30","100","423","953","Undirected","84"
"31","100","425","1000","Undirected","84"
"32","101","102","487","Undirected","84"
"33","101","109","324","Undirected","84"
"34","101","110","61","Undirected","84"
"35","101","111","605","Undirected","84"
"36","101","112","649","Undirected","84"
"37","101","116","200","Undirected","84"
"38","101","120","162","Undirected","84"
"39","101","122","293","Undirected","84"
"40","101","123","324","Undirected","84"
"41","101","124","94","Undirected","84"
"42","101","125","649","Undirected","84"
"43","101","130","140","Undirected","84"
"44","101","133","768","Undirected","84"
"45","101","136","132","Undirected","84"
"46","101","154","487","Undirected","84"
"47","101","161","256","Undirected","84"
"48","101","165","324","Undirected","84"
"49","101","175","229","Undirected","84"
"50","101","178","324","Undirected","84"
"51","101","181","132","Undirected","84"
"52","101","184","649","Undirected","84"
"53","101","195","487","Undirected","84"
"54","101","202","162","Undirected","84"
"55","101","209","162","Undirected","84"
"56","101","213","798","Undirected","84"
"57","101","223","450","Undirected","84"
"58","101","226","162","Undirected","84"
"59","101","227","162","Undirected","84"
"60","101","232","324","Undirected","84"
"61","101","234","487","Undirected","84"
"62","101","247","270","Undirected","84"
"63","101","253","218","Undirected","84"
"64","101","257","162","Undirected","84"
"65","101","259","115","Undirected","84"
"66","101","261","248","Undirected","84"
"67","101","262","94","Undirected","84"
"68","101","274","61","Undirected","84"
"69","101","277","187","Undirected","84"
"70","101","283","260","Undirected","84"
"71","101","296","162","Undirected","84"
"72","101","313","218","Undirected","84"
"73","101","315","290","Undirected","84"
"74","101","333","315","Undirected","84"
"75","101","336","649","Undirected","84"
"76","101","344","487","Undirected","84"
"77","101","348","371","Undirected","84"
"78","101","357","803","Undirected","84"
"79","101","379","115","Undirected","84"
"80","101","382","162","Undirected","84"
"81","101","388","45","Undirected","84"
"82","101","391","199","Undirected","84"
"83","101","396","162","Undirected","84"
"84","101","398","749","Undirected","84"
"85","101","402","115","Undirected","84"
"86","101","404","123","Undirected","84"
"87","101","406","353","Undirected","84"
"88","101","421","649","Undirected","84"
"89","101","423","552","Undirected","84"
"90","101","425","487","Undirected","84"
"91","101","433","162","Undirected","84"
"92","101","442","162","Undirected","84"
"93","101","448","324","Undirected","84"
"94","101","458","173","Undirected","84"
"95","101","460","162","Undirected","84"
"96","101","469","162","Undirected","84"
"97","101","475","649","Undirected","84"
"98","101","482","459","Undirected","84"
"99","101","494","344","Undirected","84"
"100","101","498","162","Undirected","84"
"101","102","111","811","Undirected","84"
"102","102","122","302","Undirected","84"
"103","102","133","845","Undirected","84"
"104","102","154","1000","Undirected","84"
"105","102","195","1000","Undirected","84"
"106","102","213","447","Undirected","84"
"107","102","234","1000","Undirected","84"
"108","102","333","177","Undirected","84"
"109","102","344","1000","Undirected","84"
"110","102","348","54","Undirected","84"
"111","102","357","707","Undirected","84"
"112","102","398","577","Undirected","84"
"113","102","406","594","Undirected","84"
"114","102","423","953","Undirected","84"
"115","102","425","1000","Undirected","84"
"116","107","116","272","Undirected","267"
"117","107","161","447","Undirected","267"
"118","107","219","707","Undirected","267"
"119","107","247","236","Undirected","267"
"120","107","261","309","Undirected","267"
"121","107","264","408","Undirected","267"
"122","107","274","267","Undirected","267"
"123","107","291","707","Undirected","267"
"124","107","293","707","Undirected","267"
"125","107","306","707","Undirected","267"
"126","107","315","316","Undirected","267"
"127","107","333","375","Undirected","267"
"128","107","348","346","Undirected","267"
"129","107","360","333","Undirected","267"
"130","107","400","707","Undirected","267"
"131","107","431","500","Undirected","267"
"132","109","161","316","Undirected","267"
"133","109","181","408","Undirected","267"
"134","109","223","277","Undirected","267"
"135","109","232","1000","Undirected","267"
"136","109","261","218","Undirected","267"
"137","109","348","272","Undirected","267"
"138","109","448","1000","Undirected","267"
"139","109","494","707","Undirected","267"
"140","110","115","239","Undirected","47"
"141","110","116","494","Undirected","47"
"142","110","130","109","Undirected","47"
"143","110","135","756","Undirected","47"
"144","110","136","309","Undirected","47"
"145","110","139","756","Undirected","47"
"146","110","181","309","Undirected","47"
"147","110","227","378","Undirected","47"
"148","110","238","756","Undirected","47"
"149","110","247","126","Undirected","47"
"150","110","253","338","Undirected","47"
"151","110","257","189","Undirected","47"
"152","110","261","82","Undirected","47"
"153","110","262","218","Undirected","47"
"154","110","264","218","Undirected","47"
"155","110","274","286","Undirected","47"
"156","110","283","276","Undirected","47"
"157","110","284","169","Undirected","47"
"158","110","287","756","Undirected","47"
"159","110","302","756","Undirected","47"
"160","110","315","169","Undirected","47"
"161","110","333","200","Undirected","47"
"162","110","348","349","Undirected","47"
"163","110","349","378","Undirected","47"
"164","110","360","356","Undirected","47"
"165","110","371","378","Undirected","47"
"166","110","383","535","Undirected","47"
"167","110","388","105","Undirected","47"
"168","110","402","267","Undirected","47"
"169","110","404","429","Undirected","47"
"170","110","406","299","Undirected","47"
"171","110","414","676","Undirected","47"
"172","110","423","51","Undirected","47"
"173","110","429","756","Undirected","47"
"174","110","469","378","Undirected","47"
"175","110","476","378","Undirected","47"
"176","110","482","535","Undirected","47"
"177","111","112","324","Undirected","84"
"178","111","118","487","Undirected","84"
"179","111","122","245","Undirected","84"
"180","111","125","324","Undirected","84"
"181","111","129","487","Undirected","84"
"182","111","133","850","Undirected","84"
"183","111","145","344","Undirected","84"
"184","111","154","811","Undirected","84"
"185","111","181","199","Undirected","84"
"186","111","184","324","Undirected","84"
"187","111","195","811","Undirected","84"
"188","111","213","653","Undirected","84"
"189","111","223","90","Undirected","84"
"190","111","234","811","Undirected","84"
"191","111","274","184","Undirected","84"
"192","111","277","281","Undirected","84"
"193","111","283","142","Undirected","84"
"194","111","316","487","Undirected","84"
"195","111","333","143","Undirected","84"
"196","111","336","324","Undirected","84"
"197","111","344","811","Undirected","84"
"198","111","348","150","Undirected","84"
"199","111","353","487","Undirected","84"
"200","111","357","803","Undirected","84"
"201","111","383","344","Undirected","84"
"202","111","398","656","Undirected","84"
"203","111","406","851","Undirected","84"
"204","111","421","324","Undirected","84"
"205","111","423","817","Undirected","84"
"206","111","425","811","Undirected","84"
"207","111","475","324","Undirected","84"
"208","111","482","229","Undirected","84"
"209","111","483","218","Undirected","84"
"210","111","492","487","Undirected","84"
"211","112","125","1000","Undirected","84"
"212","112","133","507","Undirected","84"
"213","112","184","1000","Undirected","84"
"214","112","213","894","Undirected","84"
"215","112","223","277","Undirected","84"
"216","112","336","1000","Undirected","84"
"217","112","357","707","Undirected","84"
"218","112","398","577","Undirected","84"
"219","112","406","99","Undirected","84"
"220","112","421","1000","Undirected","84"
"221","112","423","136","Undirected","84"
"222","112","475","1000","Undirected","84"
"223","112","482","707","Undirected","84"
"224","115","122","286","Undirected","8"
"225","115","135","316","Undirected","8"
"226","115","139","316","Undirected","8"
"227","115","145","671","Undirected","8"
"228","115","151","949","Undirected","8"
"229","115","180","949","Undirected","8"
"230","115","185","949","Undirected","8"
"231","115","238","316","Undirected","8"
"232","115","247","316","Undirected","8"
"233","115","249","949","Undirected","8"
"234","115","255","949","Undirected","8"
"235","115","287","316","Undirected","8"
"236","115","289","949","Undirected","8"
"237","115","302","316","Undirected","8"
"238","115","321","949","Undirected","8"
"239","115","326","949","Undirected","8"
"240","115","383","224","Undirected","8"
"241","115","390","949","Undirected","8"
"242","115","403","949","Undirected","8"
"243","115","404","478","Undirected","8"
"244","115","406","125","Undirected","8"
"245","115","410","949","Undirected","8"
"246","115","414","707","Undirected","8"
"247","115","416","949","Undirected","8"
"248","115","429","316","Undirected","8"
"249","115","482","224","Undirected","8"
"250","115","483","849","Undirected","8"
"251","116","120","77","Undirected","267"
"252","116","122","70","Undirected","267"
"253","116","123","77","Undirected","267"
"254","116","124","89","Undirected","267"
"255","116","130","266","Undirected","267"
"256","116","133","13","Undirected","267"
"257","116","136","314","Undirected","267"
"258","116","161","268","Undirected","267"
"259","116","165","77","Undirected","267"
"260","116","175","218","Undirected","267"
"261","116","178","77","Undirected","267"
"262","116","181","251","Undirected","267"
"263","116","194","77","Undirected","267"
"264","116","202","231","Undirected","267"
"265","116","203","77","Undirected","267"
"266","116","209","77","Undirected","267"
"267","116","223","149","Undirected","267"
"268","116","226","231","Undirected","267"
"269","116","227","692","Undirected","267"
"270","116","242","77","Undirected","267"
"271","116","247","308","Undirected","267"
"272","116","253","619","Undirected","267"
"273","116","257","231","Undirected","267"
"274","116","259","218","Undirected","267"
"275","116","261","420","Undirected","267"
"276","116","262","222","Undirected","267"
"277","116","264","444","Undirected","267"
"278","116","274","320","Undirected","267"
"279","116","277","89","Undirected","267"
"280","116","283","561","Undirected","267"
"281","116","284","206","Undirected","267"
"282","116","291","385","Undirected","267"
"283","116","306","385","Undirected","267"
"284","116","311","109","Undirected","267"
"285","116","313","34","Undirected","267"
"286","116","315","482","Undirected","267"
"287","116","323","308","Undirected","267"
"288","116","333","653","Undirected","267"
"289","116","348","628","Undirected","267"
"290","116","349","308","Undirected","267"
"291","116","360","381","Undirected","267"
"292","116","371","308","Undirected","267"
"293","116","379","54","Undirected","267"
"294","116","382","77","Undirected","267"
"295","116","388","448","Undirected","267"
"296","116","391","126","Undirected","267"
"297","116","396","77","Undirected","267"
"298","116","398","44","Undirected","267"
"299","116","400","385","Undirected","267"
"300","116","402","381","Undirected","267"
"301","116","404","174","Undirected","267"
"302","116","405","77","Undirected","267"
"303","116","423","105","Undirected","267"
"304","116","431","54","Undirected","267"
"305","116","433","77","Undirected","267"
"306","116","442","77","Undirected","267"
"307","116","452","77","Undirected","267"
"308","116","458","230","Undirected","267"
"309","116","469","692","Undirected","267"
"310","116","476","308","Undirected","267"
"311","116","494","163","Undirected","267"
"312","116","498","77","Undirected","267"
"313","118","129","1000","Undirected","53"
"314","118","145","707","Undirected","53"
"315","118","181","408","Undirected","53"
"316","118","274","378","Undirected","53"
"317","118","277","577","Undirected","53"
"318","118","283","292","Undirected","53"
"319","118","316","1000","Undirected","53"
"320","118","348","218","Undirected","53"
"321","118","353","1000","Undirected","53"
"322","118","383","707","Undirected","53"
"323","118","406","693","Undirected","53"
"324","118","483","447","Undirected","53"
"325","118","492","1000","Undirected","53"
"326","12","45","447","Undirected","267"
"327","12","53","183","Undirected","267"
"328","12","63","105","Undirected","267"
"329","12","65","124","Undirected","267"
"330","12","110","338","Undirected","267"
"331","12","116","413","Undirected","267"
"332","12","130","387","Undirected","267"
"333","12","259","316","Undirected","267"
"334","12","261","293","Undirected","267"
"335","12","262","516","Undirected","267"
"336","12","264","516","Undirected","267"
"337","12","283","326","Undirected","267"
"338","12","284","400","Undirected","267"
"339","12","315","400","Undirected","267"
"340","12","323","447","Undirected","267"
"341","12","348","97","Undirected","267"
"342","12","388","248","Undirected","267"
"343","12","402","632","Undirected","267"
"344","12","404","338","Undirected","267"
"345","12","423","183","Undirected","267"
"346","12","458","191","Undirected","267"
"347","120","122","905","Undirected","221"
"348","120","130","866","Undirected","221"
"349","120","133","169","Undirected","221"
"350","120","161","316","Undirected","221"
"351","120","209","1000","Undirected","221"
"352","120","283","146","Undirected","221"
"353","120","348","163","Undirected","221"
"354","120","391","408","Undirected","221"
"355","120","396","1000","Undirected","221"
"356","120","398","577","Undirected","221"
"357","120","404","756","Undirected","221"
"358","120","433","1000","Undirected","221"
"359","120","442","1000","Undirected","221"
"360","120","458","853","Undirected","221"
"361","120","498","1000","Undirected","221"
"362","122","130","783","Undirected","221"
"363","122","133","408","Undirected","221"
"364","122","145","213","Undirected","221"
"365","122","151","302","Undirected","221"
"366","122","154","302","Undirected","221"
"367","122","161","286","Undirected","221"
"368","122","180","302","Undirected","221"
"369","122","185","302","Undirected","221"
"370","122","195","302","Undirected","221"
"371","122","209","905","Undirected","221"
"372","122","213","135","Undirected","221"
"373","122","234","302","Undirected","221"
"374","122","247","101","Undirected","221"
"375","122","249","302","Undirected","221"
"376","122","255","302","Undirected","221"
"377","122","283","132","Undirected","221"
"378","122","289","302","Undirected","221"
"379","122","321","302","Undirected","221"
"380","122","326","302","Undirected","221"
"381","122","333","53","Undirected","221"
"382","122","344","302","Undirected","221"
"383","122","348","164","Undirected","221"
"384","122","357","213","Undirected","221"
"385","122","390","302","Undirected","221"
"386","122","391","369","Undirected","221"
"387","122","396","905","Undirected","221"
"388","122","398","696","Undirected","221"
"389","122","403","302","Undirected","221"
"390","122","404","798","Undirected","221"
"391","122","406","179","Undirected","221"
"392","122","410","302","Undirected","221"
"393","122","414","135","Undirected","221"
"394","122","416","302","Undirected","221"
"395","122","423","287","Undirected","221"
"396","122","425","302","Undirected","221"
"397","122","433","905","Undirected","221"
"398","122","442","905","Undirected","221"
"399","122","458","771","Undirected","221"
"400","122","483","270","Undirected","221"
"401","122","498","905","Undirected","221"
"402","123","136","408","Undirected","267"
"403","123","165","1000","Undirected","267"
"404","123","178","1000","Undirected","267"
"405","123","247","667","Undirected","267"
"406","123","261","436","Undirected","267"
"407","123","277","577","Undirected","267"
"408","123","283","146","Undirected","267"
"409","123","315","447","Undirected","267"
"410","123","348","109","Undirected","267"
"411","123","391","408","Undirected","267"
"412","124","130","167","Undirected","267"
"413","124","161","365","Undirected","267"
"414","124","194","577","Undirected","267"
"415","124","203","577","Undirected","267"
"416","124","223","160","Undirected","267"
"417","124","247","385","Undirected","267"
"418","124","253","258","Undirected","267"
"419","124","257","577","Undirected","267"
"420","124","259","408","Undirected","267"
"421","124","261","630","Undirected","267"
"422","124","262","667","Undirected","267"
"423","124","264","333","Undirected","267"
"424","124","277","333","Undirected","267"
"425","124","283","505","Undirected","267"
"426","124","284","516","Undirected","267"
"427","124","296","577","Undirected","267"
"428","124","311","816","Undirected","267"
"429","124","313","516","Undirected","267"
"430","124","333","408","Undirected","267"
"431","124","348","314","Undirected","267"
"432","124","379","816","Undirected","267"
"433","124","388","641","Undirected","267"
"434","124","391","471","Undirected","267"
"435","124","405","577","Undirected","267"
"436","124","423","157","Undirected","267"
"437","124","452","577","Undirected","267"
"438","124","458","123","Undirected","267"
"439","124","460","577","Undirected","267"
"440","125","133","507","Undirected","84"
"441","125","184","1000","Undirected","84"
"442","125","213","894","Undirected","84"
"443","125","223","277","Undirected","84"
"444","125","336","1000","Undirected","84"
"445","125","357","707","Undirected","84"
"446","125","398","577","Undirected","84"
"447","125","406","99","Undirected","84"
"448","125","421","1000","Undirected","84"
"449","125","423","136","Undirected","84"
"450","125","475","1000","Undirected","84"
"451","125","482","707","Undirected","84"
"452","129","145","707","Undirected","53"
"453","129","181","408","Undirected","53"
"454","129","274","378","Undirected","53"
"455","129","277","577","Undirected","53"
"456","129","283","292","Undirected","53"
"457","129","316","1000","Undirected","53"
"458","129","348","218","Undirected","53"
"459","129","353","1000","Undirected","53"
"460","129","383","707","Undirected","53"
"461","129","406","693","Undirected","53"
"462","129","483","447","Undirected","53"
"463","129","492","1000","Undirected","53"
"464","13","23","865","Undirected","8"
"465","13","24","707","Undirected","8"
"466","13","33","1000","Undirected","8"
"467","13","44","1000","Undirected","8"
"468","13","52","949","Undirected","8"
"469","13","68","707","Undirected","8"
"470","13","69","577","Undirected","8"
"471","13","91","970","Undirected","8"
"472","13","115","949","Undirected","8"
"473","13","122","302","Undirected","8"
"474","13","145","707","Undirected","8"
"475","13","151","1000","Undirected","8"
"476","13","180","1000","Undirected","8"
"477","13","185","1000","Undirected","8"
"478","13","247","333","Undirected","8"
"479","13","249","1000","Undirected","8"
"480","13","255","1000","Undirected","8"
"481","13","289","1000","Undirected","8"
"482","13","321","1000","Undirected","8"
"483","13","326","1000","Undirected","8"
"484","13","390","1000","Undirected","8"
"485","13","403","1000","Undirected","8"
"486","13","404","378","Undirected","8"
"487","13","410","1000","Undirected","8"
"488","13","414","447","Undirected","8"
"489","13","416","1000","Undirected","8"
"490","13","483","894","Undirected","8"
"491","130","133","146","Undirected","221"
"492","130","161","274","Undirected","221"
"493","130","194","289","Undirected","221"
"494","130","203","289","Undirected","221"
"495","130","209","866","Undirected","221"
"496","130","223","80","Undirected","221"
"497","130","259","204","Undirected","221"
"498","130","261","252","Undirected","221"
"499","130","262","333","Undirected","221"
"500","130","264","333","Undirected","221"
"501","130","277","167","Undirected","221"
"502","130","283","295","Undirected","221"
"503","130","284","387","Undirected","221"
"504","130","311","204","Undirected","221"
"505","130","315","129","Undirected","221"
"506","130","323","289","Undirected","221"
"507","130","348","204","Undirected","221"
"508","130","388","320","Undirected","221"
"509","130","391","589","Undirected","221"
"510","130","396","866","Undirected","221"
"511","130","398","500","Undirected","221"
"512","130","402","204","Undirected","221"
"513","130","404","764","Undirected","221"
"514","130","405","289","Undirected","221"
"515","130","423","118","Undirected","221"
"516","130","433","866","Undirected","221"
"517","130","442","866","Undirected","221"
"518","130","452","289","Undirected","221"
"519","130","458","923","Undirected","221"
"520","130","498","866","Undirected","221"
"521","133","154","845","Undirected","84"
"522","133","161","53","Undirected","84"
"523","133","184","507","Undirected","84"
"524","133","195","845","Undirected","84"
"525","133","209","169","Undirected","84"
"526","133","213","832","Undirected","84"
"527","133","223","141","Undirected","84"
"528","133","234","845","Undirected","84"
"529","133","283","25","Undirected","84"
"530","133","333","149","Undirected","84"
"531","133","336","507","Undirected","84"
"532","133","344","845","Undirected","84"
"533","133","348","74","Undirected","84"
"534","133","357","956","Undirected","84"
"535","133","391","69","Undirected","84"
"536","133","396","169","Undirected","84"
"537","133","398","878","Undirected","84"
"538","133","404","128","Undirected","84"
"539","133","406","552","Undirected","84"
"540","133","421","507","Undirected","84"
"541","133","423","874","Undirected","84"
"542","133","425","845","Undirected","84"
"543","133","433","169","Undirected","84"
"544","133","442","169","Undirected","84"
"545","133","458","144","Undirected","84"
"546","133","475","507","Undirected","84"
"547","133","482","359","Undirected","84"
"548","133","498","169","Undirected","84"
"549","135","139","1000","Undirected","47"
"550","135","238","1000","Undirected","47"
"551","135","287","1000","Undirected","47"
"552","135","302","1000","Undirected","47"
"553","135","383","707","Undirected","47"
"554","135","404","378","Undirected","47"
"555","135","406","396","Undirected","47"
"556","135","414","894","Undirected","47"
"557","135","429","1000","Undirected","47"
"558","135","482","707","Undirected","47"
"559","136","165","408","Undirected","267"
"560","136","178","408","Undirected","267"
"561","136","181","667","Undirected","267"
"562","136","242","408","Undirected","267"
"563","136","247","544","Undirected","267"
"564","136","257","408","Undirected","267"
"565","136","261","267","Undirected","267"
"566","136","274","617","Undirected","267"
"567","136","277","236","Undirected","267"
"568","136","283","179","Undirected","267"
"569","136","315","183","Undirected","267"
"570","136","333","72","Undirected","267"
"571","136","348","489","Undirected","267"
"572","136","349","816","Undirected","267"
"573","136","360","770","Undirected","267"
"574","136","371","816","Undirected","267"
"575","136","391","167","Undirected","267"
"576","136","431","289","Undirected","267"
"577","136","476","816","Undirected","267"
"578","139","238","1000","Undirected","47"
"579","139","287","1000","Undirected","47"
"580","139","302","1000","Undirected","47"
"581","139","383","707","Undirected","47"
"582","139","404","378","Undirected","47"
"583","139","406","396","Undirected","47"
"584","139","414","894","Undirected","47"
"585","139","429","1000","Undirected","47"
"586","139","482","707","Undirected","47"
"587","145","151","707","Undirected","8"
"588","145","180","707","Undirected","8"
"589","145","181","289","Undirected","8"
"590","145","185","707","Undirected","8"
"591","145","247","236","Undirected","8"
"592","145","249","707","Undirected","8"
"593","145","255","707","Undirected","8"
"594","145","274","267","Undirected","8"
"595","145","277","408","Undirected","8"
"596","145","283","206","Undirected","8"
"597","145","289","707","Undirected","8"
"598","145","316","707","Undirected","8"
"599","145","321","707","Undirected","8"
"600","145","326","707","Undirected","8"
"601","145","348","154","Undirected","8"
"602","145","353","707","Undirected","8"
"603","145","383","500","Undirected","8"
"604","145","390","707","Undirected","8"
"605","145","403","707","Undirected","8"
"606","145","404","267","Undirected","8"
"607","145","406","490","Undirected","8"
"608","145","410","707","Undirected","8"
"609","145","414","316","Undirected","8"
"610","145","416","707","Undirected","8"
"611","145","483","949","Undirected","8"
"612","145","492","707","Undirected","8"
"613","151","180","1000","Undirected","8"
"614","151","185","1000","Undirected","8"
"615","151","247","333","Undirected","8"
"616","151","249","1000","Undirected","8"
"617","151","255","1000","Undirected","8"
"618","151","289","1000","Undirected","8"
"619","151","321","1000","Undirected","8"
"620","151","326","1000","Undirected","8"
"621","151","390","1000","Undirected","8"
"622","151","403","1000","Undirected","8"
"623","151","404","378","Undirected","8"
"624","151","410","1000","Undirected","8"
"625","151","414","447","Undirected","8"
"626","151","416","1000","Undirected","8"
"627","151","483","894","Undirected","8"
"628","154","195","1000","Undirected","84"
"629","154","213","447","Undirected","84"
"630","154","234","1000","Undirected","84"
"631","154","333","177","Undirected","84"
"632","154","344","1000","Undirected","84"
"633","154","348","54","Undirected","84"
"634","154","357","707","Undirected","84"
"635","154","398","577","Undirected","84"
"636","154","406","594","Undirected","84"
"637","154","423","953","Undirected","84"
"638","154","425","1000","Undirected","84"
"639","161","181","129","Undirected","267"
"640","161","209","316","Undirected","267"
"641","161","223","88","Undirected","267"
"642","161","232","316","Undirected","267"
"643","161","247","422","Undirected","267"
"644","161","253","283","Undirected","267"
"645","161","257","316","Undirected","267"
"646","161","259","447","Undirected","267"
"647","161","261","483","Undirected","267"
"648","161","262","365","Undirected","267"
"649","161","264","365","Undirected","267"
"650","161","283","231","Undirected","267"
"651","161","291","632","Undirected","267"
"652","161","296","632","Undirected","267"
"653","161","306","632","Undirected","267"
"654","161","313","566","Undirected","267"
"655","161","315","283","Undirected","267"
"656","161","333","671","Undirected","267"
"657","161","348","447","Undirected","267"
"658","161","360","149","Undirected","267"
"659","161","379","447","Undirected","267"
"660","161","391","129","Undirected","267"
"661","161","396","316","Undirected","267"
"662","161","398","183","Undirected","267"
"663","161","400","632","Undirected","267"
"664","161","404","239","Undirected","267"
"665","161","433","316","Undirected","267"
"666","161","442","316","Undirected","267"
"667","161","448","316","Undirected","267"
"668","161","458","270","Undirected","267"
"669","161","460","632","Undirected","267"
"670","161","494","224","Undirected","267"
"671","161","498","316","Undirected","267"
"672","165","178","1000","Undirected","267"
"673","165","247","667","Undirected","267"
"674","165","261","436","Undirected","267"
"675","165","277","577","Undirected","267"
"676","165","283","146","Undirected","267"
"677","165","315","447","Undirected","267"
"678","165","348","109","Undirected","267"
"679","165","391","408","Undirected","267"
"680","175","202","707","Undirected","267"
"681","175","223","784","Undirected","267"
"682","175","226","707","Undirected","267"
"683","175","257","354","Undirected","267"
"684","175","274","267","Undirected","267"
"685","175","283","309","Undirected","267"
"686","175","313","316","Undirected","267"
"687","175","315","632","Undirected","267"
"688","175","333","250","Undirected","267"
"689","175","348","346","Undirected","267"
"690","175","382","707","Undirected","267"
"691","175","402","500","Undirected","267"
"692","175","458","151","Undirected","267"
"693","175","494","500","Undirected","267"
"694","178","247","667","Undirected","267"
"695","178","261","436","Undirected","267"
"696","178","277","577","Undirected","267"
"697","178","283","146","Undirected","267"
"698","178","315","447","Undirected","267"
"699","178","348","109","Undirected","267"
"700","178","391","408","Undirected","267"
"701","180","185","1000","Undirected","8"
"702","180","247","333","Undirected","8"
"703","180","249","1000","Undirected","8"
"704","180","255","1000","Undirected","8"
"705","180","289","1000","Undirected","8"
"706","180","321","1000","Undirected","8"
"707","180","326","1000","Undirected","8"
"708","180","390","1000","Undirected","8"
"709","180","403","1000","Undirected","8"
"710","180","404","378","Undirected","8"
"711","180","410","1000","Undirected","8"
"712","180","414","447","Undirected","8"
"713","180","416","1000","Undirected","8"
"714","180","483","894","Undirected","8"
"715","181","223","113","Undirected","267"
"716","181","232","408","Undirected","267"
"717","181","247","272","Undirected","267"
"718","181","257","408","Undirected","267"
"719","181","261","89","Undirected","267"
"720","181","274","772","Undirected","267"
"721","181","277","236","Undirected","267"
"722","181","283","119","Undirected","267"
"723","181","316","408","Undirected","267"
"724","181","348","600","Undirected","267"
"725","181","349","816","Undirected","267"
"726","181","353","408","Undirected","267"
"727","181","360","770","Undirected","267"
"728","181","371","816","Undirected","267"
"729","181","383","289","Undirected","267"
"730","181","406","283","Undirected","267"
"731","181","448","408","Undirected","267"
"732","181","476","816","Undirected","267"
"733","181","483","183","Undirected","267"
"734","181","492","408","Undirected","267"
"735","181","494","289","Undirected","267"
"736","184","213","894","Undirected","84"
"737","184","223","277","Undirected","84"
"738","184","336","1000","Undirected","84"
"739","184","357","707","Undirected","84"
"740","184","398","577","Undirected","84"
"741","184","406","99","Undirected","84"
"742","184","421","1000","Undirected","84"
"743","184","423","136","Undirected","84"
"744","184","475","1000","Undirected","84"
"745","184","482","707","Undirected","84"
"746","185","247","333","Undirected","8"
"747","185","249","1000","Undirected","8"
"748","185","255","1000","Undirected","8"
"749","185","289","1000","Undirected","8"
"750","185","321","1000","Undirected","8"
"751","185","326","1000","Undirected","8"
"752","185","390","1000","Undirected","8"
"753","185","403","1000","Undirected","8"
"754","185","404","378","Undirected","8"
"755","185","410","1000","Undirected","8"
"756","185","414","447","Undirected","8"
"757","185","416","1000","Undirected","8"
"758","185","483","894","Undirected","8"
"759","194","203","1000","Undirected","267"
"760","194","223","277","Undirected","267"
"761","194","261","436","Undirected","267"
"762","194","262","577","Undirected","267"
"763","194","264","577","Undirected","267"
"764","194","277","577","Undirected","267"
"765","194","283","146","Undirected","267"
"766","194","284","894","Undirected","267"
"767","194","311","707","Undirected","267"
"768","194","348","54","Undirected","267"
"769","194","388","555","Undirected","267"
"770","194","391","816","Undirected","267"
"771","194","405","1000","Undirected","267"
"772","194","423","136","Undirected","267"
"773","194","452","1000","Undirected","267"
"774","194","458","213","Undirected","267"
"775","195","213","447","Undirected","84"
"776","195","234","1000","Undirected","84"
"777","195","333","177","Undirected","84"
"778","195","344","1000","Undirected","84"
"779","195","348","54","Undirected","84"
"780","195","357","707","Undirected","84"
"781","195","398","577","Undirected","84"
"782","195","406","594","Undirected","84"
"783","195","423","953","Undirected","84"
"784","195","425","1000","Undirected","84"
"785","2","46","1000","Undirected","267"
"786","2","63","117","Undirected","267"
"787","2","65","277","Undirected","267"
"788","2","101","162","Undirected","267"
"789","2","110","378","Undirected","267"
"790","2","116","692","Undirected","267"
"791","2","227","1000","Undirected","267"
"792","2","253","894","Undirected","267"
"793","2","283","438","Undirected","267"
"794","2","333","530","Undirected","267"
"795","2","348","381","Undirected","267"
"796","2","388","277","Undirected","267"
"797","2","469","1000","Undirected","267"
"798","202","223","277","Undirected","267"
"799","202","226","1000","Undirected","267"
"800","202","274","378","Undirected","267"
"801","202","315","447","Undirected","267"
"802","202","333","177","Undirected","267"
"803","202","348","109","Undirected","267"
"804","202","402","707","Undirected","267"
"805","202","494","707","Undirected","267"
"806","203","223","277","Undirected","267"
"807","203","261","436","Undirected","267"
"808","203","262","577","Undirected","267"
"809","203","264","577","Undirected","267"
"810","203","277","577","Undirected","267"
"811","203","283","146","Undirected","267"
"812","203","284","894","Undirected","267"
"813","203","311","707","Undirected","267"
"814","203","348","54","Undirected","267"
"815","203","388","555","Undirected","267"
"816","203","391","816","Undirected","267"
"817","203","405","1000","Undirected","267"
"818","203","423","136","Undirected","267"
"819","203","452","1000","Undirected","267"
"820","203","458","213","Undirected","267"
"821","209","283","146","Undirected","221"
"822","209","348","163","Undirected","221"
"823","209","391","408","Undirected","221"
"824","209","396","1000","Undirected","221"
"825","209","398","577","Undirected","221"
"826","209","404","756","Undirected","221"
"827","209","433","1000","Undirected","221"
"828","209","442","1000","Undirected","221"
"829","209","458","853","Undirected","221"
"830","209","498","1000","Undirected","221"
"831","213","223","248","Undirected","84"
"832","213","234","447","Undirected","84"
"833","213","333","79","Undirected","84"
"834","213","336","894","Undirected","84"
"835","213","344","447","Undirected","84"
"836","213","348","24","Undirected","84"
"837","213","357","949","Undirected","84"
"838","213","398","775","Undirected","84"
"839","213","406","354","Undirected","84"
"840","213","421","894","Undirected","84"
"841","213","423","548","Undirected","84"
"842","213","425","447","Undirected","84"
"843","213","475","894","Undirected","84"
"844","213","482","632","Undirected","84"
"845","219","274","378","Undirected","267"
"846","219","293","1000","Undirected","267"
"847","219","348","326","Undirected","267"
"848","219","360","236","Undirected","267"
"849","219","431","707","Undirected","267"
"850","223","226","277","Undirected","267"
"851","223","232","277","Undirected","267"
"852","223","257","416","Undirected","267"
"853","223","261","182","Undirected","267"
"854","223","262","160","Undirected","267"
"855","223","264","160","Undirected","267"
"856","223","274","105","Undirected","267"
"857","223","277","160","Undirected","267"
"858","223","283","405","Undirected","267"
"859","223","284","248","Undirected","267"
"860","223","311","196","Undirected","267"
"861","223","313","372","Undirected","267"
"862","223","315","496","Undirected","267"
"863","223","333","196","Undirected","267"
"864","223","336","277","Undirected","267"
"865","223","348","437","Undirected","267"
"866","223","357","196","Undirected","267"
"867","223","382","832","Undirected","267"
"868","223","388","154","Undirected","267"
"869","223","391","226","Undirected","267"
"870","223","398","160","Undirected","267"
"871","223","402","196","Undirected","267"
"872","223","405","277","Undirected","267"
"873","223","406","27","Undirected","267"
"874","223","421","277","Undirected","267"
"875","223","423","75","Undirected","267"
"876","223","448","277","Undirected","267"
"877","223","452","277","Undirected","267"
"878","223","458","237","Undirected","267"
"879","223","475","277","Undirected","267"
"880","223","482","196","Undirected","267"
"881","223","494","392","Undirected","267"
"882","226","274","378","Undirected","267"
"883","226","315","447","Undirected","267"
"884","226","333","177","Undirected","267"
"885","226","348","109","Undirected","267"
"886","226","402","707","Undirected","267"
"887","226","494","707","Undirected","267"
"888","227","253","894","Undirected","267"
"889","227","283","438","Undirected","267"
"890","227","333","530","Undirected","267"
"891","227","348","381","Undirected","267"
"892","227","388","277","Undirected","267"
"893","227","469","1000","Undirected","267"
"894","23","24","810","Undirected","8"
"895","23","33","865","Undirected","8"
"896","23","38","382","Undirected","8"
"897","23","44","865","Undirected","8"
"898","23","47","280","Undirected","8"
"899","23","52","942","Undirected","8"
"900","23","53","42","Undirected","8"
"901","23","63","6","Undirected","8"
"902","23","65","78","Undirected","8"
"903","23","68","810","Undirected","8"
"904","23","69","882","Undirected","8"
"905","23","73","382","Undirected","8"
"906","23","80","280","Undirected","8"
"907","23","91","839","Undirected","8"
"908","23","98","382","Undirected","8"
"909","23","101","25","Undirected","8"
"910","23","107","72","Undirected","8"
"911","23","110","289","Undirected","8"
"912","23","111","136","Undirected","8"
"913","23","115","942","Undirected","8"
"914","23","116","51","Undirected","8"
"915","23","118","280","Undirected","8"
"916","23","120","127","Undirected","8"
"917","23","122","376","Undirected","8"
"918","23","129","280","Undirected","8"
"919","23","130","110","Undirected","8"
"920","23","133","22","Undirected","8"
"921","23","135","382","Undirected","8"
"922","23","139","382","Undirected","8"
"923","23","145","810","Undirected","8"
"924","23","151","865","Undirected","8"
"925","23","161","105","Undirected","8"
"926","23","175","18","Undirected","8"
"927","23","180","865","Undirected","8"
"928","23","181","114","Undirected","8"
"929","23","185","865","Undirected","8"
"930","23","209","127","Undirected","8"
"931","23","223","21","Undirected","8"
"932","23","238","382","Undirected","8"
"933","23","247","322","Undirected","8"
"934","23","249","865","Undirected","8"
"935","23","255","865","Undirected","8"
"936","23","257","13","Undirected","8"
"937","23","261","44","Undirected","8"
"938","23","264","59","Undirected","8"
"939","23","274","106","Undirected","8"
"940","23","277","162","Undirected","8"
"941","23","283","111","Undirected","8"
"942","23","287","382","Undirected","8"
"943","23","289","865","Undirected","8"
"944","23","291","102","Undirected","8"
"945","23","302","382","Undirected","8"
"946","23","306","102","Undirected","8"
"947","23","313","11","Undirected","8"
"948","23","315","57","Undirected","8"
"949","23","316","280","Undirected","8"
"950","23","321","865","Undirected","8"
"951","23","326","865","Undirected","8"
"952","23","333","58","Undirected","8"
"953","23","348","108","Undirected","8"
"954","23","353","280","Undirected","8"
"955","23","360","24","Undirected","8"
"956","23","382","25","Undirected","8"
"957","23","383","468","Undirected","8"
"958","23","390","865","Undirected","8"
"959","23","391","52","Undirected","8"
"960","23","396","127","Undirected","8"
"961","23","398","73","Undirected","8"
"962","23","400","102","Undirected","8"
"963","23","403","865","Undirected","8"
"964","23","404","568","Undirected","8"
"965","23","406","345","Undirected","8"
"966","23","410","865","Undirected","8"
"967","23","414","728","Undirected","8"
"968","23","416","865","Undirected","8"
"969","23","429","382","Undirected","8"
"970","23","433","127","Undirected","8"
"971","23","442","127","Undirected","8"
"972","23","458","114","Undirected","8"
"973","23","482","270","Undirected","8"
"974","23","483","899","Undirected","8"
"975","23","492","280","Undirected","8"
"976","23","498","127","Undirected","8"
"977","232","261","218","Undirected","267"
"978","232","348","272","Undirected","267"
"979","232","448","1000","Undirected","267"
"980","232","494","707","Undirected","267"
"981","234","333","177","Undirected","84"
"982","234","344","1000","Undirected","84"
"983","234","348","54","Undirected","84"
"984","234","357","707","Undirected","84"
"985","234","398","577","Undirected","84"
"986","234","406","594","Undirected","84"
"987","234","423","953","Undirected","84"
"988","234","425","1000","Undirected","84"
"989","238","287","1000","Undirected","47"
"990","238","302","1000","Undirected","47"
"991","238","383","707","Undirected","47"
"992","238","404","378","Undirected","47"
"993","238","406","396","Undirected","47"
"994","238","414","894","Undirected","47"
"995","238","429","1000","Undirected","47"
"996","238","482","707","Undirected","47"
"997","24","33","707","Undirected","8"
"998","24","44","707","Undirected","8"
"999","24","47","707","Undirected","8"
"1000","24","52","671","Undirected","8"
"1001","24","65","196","Undirected","8"
"1002","24","68","1000","Undirected","8"
"1003","24","69","816","Undirected","8"
"1004","24","80","707","Undirected","8"
"1005","24","91","686","Undirected","8"
"1006","24","111","344","Undirected","8"
"1007","24","115","671","Undirected","8"
"1008","24","118","707","Undirected","8"
"1009","24","122","213","Undirected","8"
"1010","24","129","707","Undirected","8"
"1011","24","145","1000","Undirected","8"
"1012","24","151","707","Undirected","8"
"1013","24","180","707","Undirected","8"
"1014","24","181","289","Undirected","8"
"1015","24","185","707","Undirected","8"
"1016","24","247","236","Undirected","8"
"1017","24","249","707","Undirected","8"
"1018","24","255","707","Undirected","8"
"1019","24","274","267","Undirected","8"
"1020","24","277","408","Undirected","8"
"1021","24","283","206","Undirected","8"
"1022","24","289","707","Undirected","8"
"1023","24","316","707","Undirected","8"
"1024","24","321","707","Undirected","8"
"1025","24","326","707","Undirected","8"
"1026","24","348","154","Undirected","8"
"1027","24","353","707","Undirected","8"
"1028","24","383","500","Undirected","8"
"1029","24","390","707","Undirected","8"
"1030","24","403","707","Undirected","8"
"1031","24","404","267","Undirected","8"
"1032","24","406","490","Undirected","8"
"1033","24","410","707","Undirected","8"
"1034","24","414","316","Undirected","8"
"1035","24","416","707","Undirected","8"
"1036","24","483","949","Undirected","8"
"1037","24","492","707","Undirected","8"
"1038","242","261","218","Undirected","267"
"1039","242","283","292","Undirected","267"
"1040","242","333","177","Undirected","267"
"1041","242","348","109","Undirected","267"
"1042","242","431","707","Undirected","267"
"1043","247","249","333","Undirected","267"
"1044","247","253","149","Undirected","267"
"1045","247","255","333","Undirected","267"
"1046","247","257","500","Undirected","267"
"1047","247","259","236","Undirected","267"
"1048","247","261","655","Undirected","267"
"1049","247","262","192","Undirected","267"
"1050","247","264","192","Undirected","267"
"1051","247","274","252","Undirected","267"
"1052","247","277","385","Undirected","267"
"1053","247","283","340","Undirected","267"
"1054","247","289","333","Undirected","267"
"1055","247","291","333","Undirected","267"
"1056","247","296","333","Undirected","267"
"1057","247","306","333","Undirected","267"
"1058","247","311","236","Undirected","267"
"1059","247","313","298","Undirected","267"
"1060","247","315","447","Undirected","267"
"1061","247","321","333","Undirected","267"
"1062","247","326","333","Undirected","267"
"1063","247","333","412","Undirected","267"
"1064","247","348","453","Undirected","267"
"1065","247","349","333","Undirected","267"
"1066","247","360","393","Undirected","267"
"1067","247","371","333","Undirected","267"
"1068","247","379","471","Undirected","267"
"1069","247","388","185","Undirected","267"
"1070","247","390","333","Undirected","267"
"1071","247","391","272","Undirected","267"
"1072","247","400","333","Undirected","267"
"1073","247","403","333","Undirected","267"
"1074","247","404","126","Undirected","267"
"1075","247","410","333","Undirected","267"
"1076","247","414","149","Undirected","267"
"1077","247","416","333","Undirected","267"
"1078","247","423","45","Undirected","267"
"1079","247","460","333","Undirected","267"
"1080","247","476","333","Undirected","267"
"1081","247","483","298","Undirected","267"
"1082","249","255","1000","Undirected","8"
"1083","249","289","1000","Undirected","8"
"1084","249","321","1000","Undirected","8"
"1085","249","326","1000","Undirected","8"
"1086","249","390","1000","Undirected","8"
"1087","249","403","1000","Undirected","8"
"1088","249","404","378","Undirected","8"
"1089","249","410","1000","Undirected","8"
"1090","249","414","447","Undirected","8"
"1091","249","416","1000","Undirected","8"
"1092","249","483","894","Undirected","8"
"1093","253","257","224","Undirected","267"
"1094","253","259","316","Undirected","267"
"1095","253","261","98","Undirected","267"
"1096","253","262","258","Undirected","267"
"1097","253","283","522","Undirected","267"
"1098","253","296","447","Undirected","267"
"1099","253","313","400","Undirected","267"
"1100","253","333","712","Undirected","267"
"1101","253","348","487","Undirected","267"
"1102","253","379","316","Undirected","267"
"1103","253","388","248","Undirected","267"
"1104","253","460","447","Undirected","267"
"1105","253","469","894","Undirected","267"
"1106","255","289","1000","Undirected","8"
"1107","255","321","1000","Undirected","8"
"1108","255","326","1000","Undirected","8"
"1109","255","390","1000","Undirected","8"
"1110","255","403","1000","Undirected","8"
"1111","255","404","378","Undirected","8"
"1112","255","410","1000","Undirected","8"
"1113","255","414","447","Undirected","8"
"1114","255","416","1000","Undirected","8"
"1115","255","483","894","Undirected","8"
"1116","257","259","354","Undirected","267"
"1117","257","261","327","Undirected","267"
"1118","257","262","289","Undirected","267"
"1119","257","274","378","Undirected","267"
"1120","257","283","583","Undirected","267"
"1121","257","296","500","Undirected","267"
"1122","257","311","354","Undirected","267"
"1123","257","313","671","Undirected","267"
"1124","257","315","224","Undirected","267"
"1125","257","333","442","Undirected","267"
"1126","257","348","680","Undirected","267"
"1127","257","349","500","Undirected","267"
"1128","257","360","471","Undirected","267"
"1129","257","371","500","Undirected","267"
"1130","257","379","707","Undirected","267"
"1131","257","382","500","Undirected","267"
"1132","257","388","277","Undirected","267"
"1133","257","423","68","Undirected","267"
"1134","257","458","107","Undirected","267"
"1135","257","460","500","Undirected","267"
"1136","257","476","500","Undirected","267"
"1137","259","261","309","Undirected","267"
"1138","259","262","408","Undirected","267"
"1139","259","283","309","Undirected","267"
"1140","259","296","707","Undirected","267"
"1141","259","313","632","Undirected","267"
"1142","259","323","707","Undirected","267"
"1143","259","333","375","Undirected","267"
"1144","259","348","308","Undirected","267"
"1145","259","379","500","Undirected","267"
"1146","259","388","392","Undirected","267"
"1147","259","423","96","Undirected","267"
"1148","259","458","302","Undirected","267"
"1149","259","460","707","Undirected","267"
"1150","261","262","504","Undirected","267"
"1151","261","264","630","Undirected","267"
"1152","261","277","504","Undirected","267"
"1153","261","283","541","Undirected","267"
"1154","261","284","488","Undirected","267"
"1155","261","291","436","Undirected","267"
"1156","261","296","218","Undirected","267"
"1157","261","306","436","Undirected","267"
"1158","261","311","617","Undirected","267"
"1159","261","313","195","Undirected","267"
"1160","261","315","488","Undirected","267"
"1161","261","323","218","Undirected","267"
"1162","261","333","463","Undirected","267"
"1163","261","348","404","Undirected","267"
"1164","261","360","103","Undirected","267"
"1165","261","379","463","Undirected","267"
"1166","261","388","605","Undirected","267"
"1167","261","391","535","Undirected","267"
"1168","261","400","436","Undirected","267"
"1169","261","402","154","Undirected","267"
"1170","261","404","82","Undirected","267"
"1171","261","405","436","Undirected","267"
"1172","261","423","178","Undirected","267"
"1173","261","431","154","Undirected","267"
"1174","261","448","218","Undirected","267"
"1175","261","452","436","Undirected","267"
"1176","261","458","186","Undirected","267"
"1177","261","460","218","Undirected","267"
"1178","261","494","154","Undirected","267"
"1179","262","264","667","Undirected","267"
"1180","262","277","333","Undirected","267"
"1181","262","283","421","Undirected","267"
"1182","262","284","775","Undirected","267"
"1183","262","296","577","Undirected","267"
"1184","262","311","408","Undirected","267"
"1185","262","313","516","Undirected","267"
"1186","262","315","258","Undirected","267"
"1187","262","333","306","Undirected","267"
"1188","262","348","251","Undirected","267"
"1189","262","379","408","Undirected","267"
"1190","262","388","320","Undirected","267"
"1191","262","391","471","Undirected","267"
"1192","262","402","408","Undirected","267"
"1193","262","404","218","Undirected","267"
"1194","262","405","577","Undirected","267"
"1195","262","423","157","Undirected","267"
"1196","262","452","577","Undirected","267"
"1197","262","458","123","Undirected","267"
"1198","262","460","577","Undirected","267"
"1199","264","277","333","Undirected","267"
"1200","264","283","253","Undirected","267"
"1201","264","284","775","Undirected","267"
"1202","264","291","577","Undirected","267"
"1203","264","306","577","Undirected","267"
"1204","264","311","408","Undirected","267"
"1205","264","315","516","Undirected","267"
"1206","264","333","306","Undirected","267"
"1207","264","348","157","Undirected","267"
"1208","264","360","136","Undirected","267"
"1209","264","388","320","Undirected","267"
"1210","264","391","471","Undirected","267"
"1211","264","400","577","Undirected","267"
"1212","264","402","408","Undirected","267"
"1213","264","404","218","Undirected","267"
"1214","264","405","577","Undirected","267"
"1215","264","423","157","Undirected","267"
"1216","264","452","577","Undirected","267"
"1217","264","458","123","Undirected","267"
"1218","274","277","218","Undirected","267"
"1219","274","283","110","Undirected","267"
"1220","274","293","378","Undirected","267"
"1221","274","315","169","Undirected","267"
"1222","274","316","378","Undirected","267"
"1223","274","333","67","Undirected","267"
"1224","274","348","617","Undirected","267"
"1225","274","349","756","Undirected","267"
"1226","274","353","378","Undirected","267"
"1227","274","360","802","Undirected","267"
"1228","274","371","756","Undirected","267"
"1229","274","383","267","Undirected","267"
"1230","274","402","267","Undirected","267"
"1231","274","406","262","Undirected","267"
"1232","274","431","267","Undirected","267"
"1233","274","476","756","Undirected","267"
"1234","274","483","169","Undirected","267"
"1235","274","492","378","Undirected","267"
"1236","274","494","267","Undirected","267"
"1237","277","283","337","Undirected","267"
"1238","277","284","516","Undirected","267"
"1239","277","311","408","Undirected","267"
"1240","277","315","258","Undirected","267"
"1241","277","316","577","Undirected","267"
"1242","277","348","220","Undirected","267"
"1243","277","353","577","Undirected","267"
"1244","277","383","408","Undirected","267"
"1245","277","388","320","Undirected","267"
"1246","277","391","707","Undirected","267"
"1247","277","405","577","Undirected","267"
"1248","277","406","400","Undirected","267"
"1249","277","423","79","Undirected","267"
"1250","277","452","577","Undirected","267"
"1251","277","458","123","Undirected","267"
"1252","277","483","258","Undirected","267"
"1253","277","492","577","Undirected","267"
"1254","283","284","261","Undirected","267"
"1255","283","296","292","Undirected","267"
"1256","283","311","413","Undirected","267"
"1257","283","313","457","Undirected","267"
"1258","283","315","391","Undirected","267"
"1259","283","316","292","Undirected","267"
"1260","283","323","146","Undirected","267"
"1261","283","333","593","Undirected","267"
"1262","283","348","674","Undirected","267"
"1263","283","353","292","Undirected","267"
"1264","283","379","516","Undirected","267"
"1265","283","382","438","Undirected","267"
"1266","283","383","206","Undirected","267"
"1267","283","388","526","Undirected","267"
"1268","283","391","238","Undirected","267"
"1269","283","396","146","Undirected","267"
"1270","283","398","84","Undirected","267"
"1271","283","402","206","Undirected","267"
"1272","283","404","221","Undirected","267"
"1273","283","405","146","Undirected","267"
"1274","283","406","202","Undirected","267"
"1275","283","423","139","Undirected","267"
"1276","283","431","206","Undirected","267"
"1277","283","433","146","Undirected","267"
"1278","283","442","146","Undirected","267"
"1279","283","452","146","Undirected","267"
"1280","283","458","311","Undirected","267"
"1281","283","460","292","Undirected","267"
"1282","283","469","438","Undirected","267"
"1283","283","483","130","Undirected","267"
"1284","283","492","292","Undirected","267"
"1285","283","498","146","Undirected","267"
"1286","284","311","632","Undirected","267"
"1287","284","315","200","Undirected","267"
"1288","284","348","73","Undirected","267"
"1289","284","388","496","Undirected","267"
"1290","284","391","730","Undirected","267"
"1291","284","402","316","Undirected","267"
"1292","284","404","169","Undirected","267"
"1293","284","405","894","Undirected","267"
"1294","284","423","183","Undirected","267"
"1295","284","452","894","Undirected","267"
"1296","284","458","191","Undirected","267"
"1297","287","302","1000","Undirected","47"
"1298","287","383","707","Undirected","47"
"1299","287","404","378","Undirected","47"
"1300","287","406","396","Undirected","47"
"1301","287","414","894","Undirected","47"
"1302","287","429","1000","Undirected","47"
"1303","287","482","707","Undirected","47"
"1304","289","321","1000","Undirected","8"
"1305","289","326","1000","Undirected","8"
"1306","289","390","1000","Undirected","8"
"1307","289","403","1000","Undirected","8"
"1308","289","404","378","Undirected","8"
"1309","289","410","1000","Undirected","8"
"1310","289","414","447","Undirected","8"
"1311","289","416","1000","Undirected","8"
"1312","289","483","894","Undirected","8"
"1313","291","306","1000","Undirected","267"
"1314","291","315","447","Undirected","267"
"1315","291","333","530","Undirected","267"
"1316","291","348","163","Undirected","267"
"1317","291","360","236","Undirected","267"
"1318","291","400","1000","Undirected","267"
"1319","293","348","326","Undirected","267"
"1320","293","360","236","Undirected","267"
"1321","293","431","707","Undirected","267"
"1322","296","313","894","Undirected","267"
"1323","296","333","530","Undirected","267"
"1324","296","348","326","Undirected","267"
"1325","296","379","707","Undirected","267"
"1326","296","460","1000","Undirected","267"
"1327","30","32","894","Undirected","84"
"1328","30","50","894","Undirected","84"
"1329","30","75","447","Undirected","84"
"1330","30","89","894","Undirected","84"
"1331","30","91","108","Undirected","84"
"1332","30","100","894","Undirected","84"
"1333","30","101","725","Undirected","84"
"1334","30","102","894","Undirected","84"
"1335","30","111","871","Undirected","84"
"1336","30","112","447","Undirected","84"
"1337","30","122","270","Undirected","84"
"1338","30","125","447","Undirected","84"
"1339","30","133","983","Undirected","84"
"1340","30","154","894","Undirected","84"
"1341","30","184","447","Undirected","84"
"1342","30","195","894","Undirected","84"
"1343","30","213","800","Undirected","84"
"1344","30","223","124","Undirected","84"
"1345","30","234","894","Undirected","84"
"1346","30","333","158","Undirected","84"
"1347","30","336","447","Undirected","84"
"1348","30","344","894","Undirected","84"
"1349","30","348","49","Undirected","84"
"1350","30","357","949","Undirected","84"
"1351","30","398","775","Undirected","84"
"1352","30","406","576","Undirected","84"
"1353","30","421","447","Undirected","84"
"1354","30","423","913","Undirected","84"
"1355","30","425","894","Undirected","84"
"1356","30","475","447","Undirected","84"
"1357","30","482","316","Undirected","84"
"1358","302","383","707","Undirected","47"
"1359","302","404","378","Undirected","47"
"1360","302","406","396","Undirected","47"
"1361","302","414","894","Undirected","47"
"1362","302","429","1000","Undirected","47"
"1363","302","482","707","Undirected","47"
"1364","306","315","447","Undirected","267"
"1365","306","333","530","Undirected","267"
"1366","306","348","163","Undirected","267"
"1367","306","360","236","Undirected","267"
"1368","306","400","1000","Undirected","267"
"1369","311","333","125","Undirected","267"
"1370","311","348","154","Undirected","267"
"1371","311","379","500","Undirected","267"
"1372","311","388","784","Undirected","267"
"1373","311","391","577","Undirected","267"
"1374","311","405","707","Undirected","267"
"1375","311","423","192","Undirected","267"
"1376","311","452","707","Undirected","267"
"1377","311","458","151","Undirected","267"
"1378","313","315","200","Undirected","267"
"1379","313","333","553","Undirected","267"
"1380","313","348","462","Undirected","267"
"1381","313","379","632","Undirected","267"
"1382","313","382","447","Undirected","267"
"1383","313","458","95","Undirected","267"
"1384","313","460","894","Undirected","267"
"1385","315","333","395","Undirected","267"
"1386","315","348","365","Undirected","267"
"1387","315","360","105","Undirected","267"
"1388","315","382","447","Undirected","267"
"1389","315","391","183","Undirected","267"
"1390","315","400","447","Undirected","267"
"1391","315","402","632","Undirected","267"
"1392","315","404","169","Undirected","267"
"1393","315","423","61","Undirected","267"
"1394","315","458","95","Undirected","267"
"1395","315","494","316","Undirected","267"
"1396","316","348","218","Undirected","53"
"1397","316","353","1000","Undirected","53"
"1398","316","383","707","Undirected","53"
"1399","316","406","693","Undirected","53"
"1400","316","483","447","Undirected","53"
"1401","316","492","1000","Undirected","53"
"1402","32","50","1000","Undirected","84"
"1403","32","89","1000","Undirected","84"
"1404","32","100","1000","Undirected","84"
"1405","32","101","487","Undirected","84"
"1406","32","102","1000","Undirected","84"
"1407","32","111","811","Undirected","84"
"1408","32","122","302","Undirected","84"
"1409","32","133","845","Undirected","84"
"1410","32","154","1000","Undirected","84"
"1411","32","195","1000","Undirected","84"
"1412","32","213","447","Undirected","84"
"1413","32","234","1000","Undirected","84"
"1414","32","333","177","Undirected","84"
"1415","32","344","1000","Undirected","84"
"1416","32","348","54","Undirected","84"
"1417","32","357","707","Undirected","84"
"1418","32","398","577","Undirected","84"
"1419","32","406","594","Undirected","84"
"1420","32","423","953","Undirected","84"
"1421","32","425","1000","Undirected","84"
"1422","321","326","1000","Undirected","8"
"1423","321","390","1000","Undirected","8"
"1424","321","403","1000","Undirected","8"
"1425","321","404","378","Undirected","8"
"1426","321","410","1000","Undirected","8"
"1427","321","414","447","Undirected","8"
"1428","321","416","1000","Undirected","8"
"1429","321","483","894","Undirected","8"
"1430","323","348","109","Undirected","267"
"1431","323","388","555","Undirected","267"
"1432","323","423","136","Undirected","267"
"1433","323","458","426","Undirected","267"
"1434","326","390","1000","Undirected","8"
"1435","326","403","1000","Undirected","8"
"1436","326","404","378","Undirected","8"
"1437","326","410","1000","Undirected","8"
"1438","326","414","447","Undirected","8"
"1439","326","416","1000","Undirected","8"
"1440","326","483","894","Undirected","8"
"1441","33","44","1000","Undirected","8"
"1442","33","52","949","Undirected","8"
"1443","33","68","707","Undirected","8"
"1444","33","69","577","Undirected","8"
"1445","33","91","970","Undirected","8"
"1446","33","115","949","Undirected","8"
"1447","33","122","302","Undirected","8"
"1448","33","145","707","Undirected","8"
"1449","33","151","1000","Undirected","8"
"1450","33","180","1000","Undirected","8"
"1451","33","185","1000","Undirected","8"
"1452","33","247","333","Undirected","8"
"1453","33","249","1000","Undirected","8"
"1454","33","255","1000","Undirected","8"
"1455","33","289","1000","Undirected","8"
"1456","33","321","1000","Undirected","8"
"1457","33","326","1000","Undirected","8"
"1458","33","390","1000","Undirected","8"
"1459","33","403","1000","Undirected","8"
"1460","33","404","378","Undirected","8"
"1461","33","410","1000","Undirected","8"
"1462","33","414","447","Undirected","8"
"1463","33","416","1000","Undirected","8"
"1464","33","483","894","Undirected","8"
"1465","333","344","177","Undirected","267"
"1466","333","348","606","Undirected","267"
"1467","333","357","125","Undirected","267"
"1468","333","360","125","Undirected","267"
"1469","333","379","500","Undirected","267"
"1470","333","382","177","Undirected","267"
"1471","333","388","245","Undirected","267"
"1472","333","398","102","Undirected","267"
"1473","333","400","530","Undirected","267"
"1474","333","402","125","Undirected","267"
"1475","333","406","105","Undirected","267"
"1476","333","423","192","Undirected","267"
"1477","333","425","177","Undirected","267"
"1478","333","431","125","Undirected","267"
"1479","333","458","38","Undirected","267"
"1480","333","460","530","Undirected","267"
"1481","333","469","530","Undirected","267"
"1482","333","494","125","Undirected","267"
"1483","336","357","707","Undirected","84"
"1484","336","398","577","Undirected","84"
"1485","336","406","99","Undirected","84"
"1486","336","421","1000","Undirected","84"
"1487","336","423","136","Undirected","84"
"1488","336","475","1000","Undirected","84"
"1489","336","482","707","Undirected","84"
"1490","344","348","54","Undirected","84"
"1491","344","357","707","Undirected","84"
"1492","344","398","577","Undirected","84"
"1493","344","406","594","Undirected","84"
"1494","344","423","953","Undirected","84"
"1495","344","425","1000","Undirected","84"
"1496","348","349","490","Undirected","267"
"1497","348","353","218","Undirected","267"
"1498","348","357","38","Undirected","267"
"1499","348","360","577","Undirected","267"
"1500","348","371","490","Undirected","267"
"1501","348","379","346","Undirected","267"
"1502","348","382","381","Undirected","267"
"1503","348","383","154","Undirected","267"
"1504","348","388","287","Undirected","267"
"1505","348","391","155","Undirected","267"
"1506","348","396","163","Undirected","267"
"1507","348","398","126","Undirected","267"
"1508","348","400","163","Undirected","267"
"1509","348","402","115","Undirected","267"
"1510","348","404","144","Undirected","267"
"1511","348","405","54","Undirected","267"
"1512","348","406","183","Undirected","267"
"1513","348","423","104","Undirected","267"
"1514","348","425","54","Undirected","267"
"1515","348","431","308","Undirected","267"
"1516","348","433","163","Undirected","267"
"1517","348","442","163","Undirected","267"
"1518","348","448","272","Undirected","267"
"1519","348","452","54","Undirected","267"
"1520","348","458","278","Undirected","267"
"1521","348","460","326","Undirected","267"
"1522","348","469","381","Undirected","267"
"1523","348","476","490","Undirected","267"
"1524","348","483","97","Undirected","267"
"1525","348","492","218","Undirected","267"
"1526","348","494","269","Undirected","267"
"1527","348","498","163","Undirected","267"
"1528","349","360","943","Undirected","267"
"1529","349","371","1000","Undirected","267"
"1530","349","476","1000","Undirected","267"
"1531","353","383","707","Undirected","53"
"1532","353","406","693","Undirected","53"
"1533","353","483","447","Undirected","53"
"1534","353","492","1000","Undirected","53"
"1535","357","398","816","Undirected","84"
"1536","357","406","490","Undirected","84"
"1537","357","421","707","Undirected","84"
"1538","357","423","770","Undirected","84"
"1539","357","425","707","Undirected","84"
"1540","357","475","707","Undirected","84"
"1541","357","482","500","Undirected","84"
"1542","360","371","943","Undirected","267"
"1543","360","400","236","Undirected","267"
"1544","360","431","167","Undirected","267"
"1545","360","476","943","Undirected","267"
"1546","371","476","1000","Undirected","267"
"1547","379","388","392","Undirected","267"
"1548","379","423","96","Undirected","267"
"1549","379","460","707","Undirected","267"
"1550","38","52","316","Undirected","47"
"1551","38","69","577","Undirected","47"
"1552","38","73","1000","Undirected","47"
"1553","38","98","1000","Undirected","47"
"1554","38","110","756","Undirected","47"
"1555","38","115","316","Undirected","47"
"1556","38","135","1000","Undirected","47"
"1557","38","139","1000","Undirected","47"
"1558","38","238","1000","Undirected","47"
"1559","38","287","1000","Undirected","47"
"1560","38","302","1000","Undirected","47"
"1561","38","383","707","Undirected","47"
"1562","38","404","378","Undirected","47"
"1563","38","406","396","Undirected","47"
"1564","38","414","894","Undirected","47"
"1565","38","429","1000","Undirected","47"
"1566","38","482","707","Undirected","47"
"1567","382","458","213","Undirected","267"
"1568","383","404","267","Undirected","47"
"1569","383","406","770","Undirected","47"
"1570","383","414","632","Undirected","47"
"1571","383","429","707","Undirected","47"
"1572","383","482","500","Undirected","47"
"1573","383","483","316","Undirected","47"
"1574","383","492","707","Undirected","47"
"1575","388","391","453","Undirected","267"
"1576","388","405","555","Undirected","267"
"1577","388","423","226","Undirected","267"
"1578","388","452","555","Undirected","267"
"1579","388","458","355","Undirected","267"
"1580","388","469","277","Undirected","267"
"1581","390","403","1000","Undirected","8"
"1582","390","404","378","Undirected","8"
"1583","390","410","1000","Undirected","8"
"1584","390","414","447","Undirected","8"
"1585","390","416","1000","Undirected","8"
"1586","390","483","894","Undirected","8"
"1587","391","396","408","Undirected","267"
"1588","391","398","236","Undirected","267"
"1589","391","404","309","Undirected","267"
"1590","391","405","816","Undirected","267"
"1591","391","423","111","Undirected","267"
"1592","391","433","408","Undirected","267"
"1593","391","442","408","Undirected","267"
"1594","391","452","816","Undirected","267"
"1595","391","458","522","Undirected","267"
"1596","391","498","408","Undirected","267"
"1597","396","398","577","Undirected","221"
"1598","396","404","756","Undirected","221"
"1599","396","433","1000","Undirected","221"
"1600","396","442","1000","Undirected","221"
"1601","396","458","853","Undirected","221"
"1602","396","498","1000","Undirected","221"
"1603","398","404","436","Undirected","84"
"1604","398","406","400","Undirected","84"
"1605","398","421","577","Undirected","84"
"1606","398","423","629","Undirected","84"
"1607","398","425","577","Undirected","84"
"1608","398","433","577","Undirected","84"
"1609","398","442","577","Undirected","84"
"1610","398","458","492","Undirected","84"
"1611","398","475","577","Undirected","84"
"1612","398","482","408","Undirected","84"
"1613","398","498","577","Undirected","84"
"1614","402","404","267","Undirected","267"
"1615","402","423","96","Undirected","267"
"1616","402","494","500","Undirected","267"
"1617","403","404","378","Undirected","8"
"1618","403","410","1000","Undirected","8"
"1619","403","414","447","Undirected","8"
"1620","403","416","1000","Undirected","8"
"1621","403","483","894","Undirected","8"
"1622","404","406","150","Undirected","221"
"1623","404","410","378","Undirected","221"
"1624","404","414","507","Undirected","221"
"1625","404","416","378","Undirected","221"
"1626","404","423","51","Undirected","221"
"1627","404","429","378","Undirected","221"
"1628","404","433","756","Undirected","221"
"1629","404","442","756","Undirected","221"
"1630","404","458","645","Undirected","221"
"1631","404","482","267","Undirected","221"
"1632","404","483","338","Undirected","221"
"1633","404","498","756","Undirected","221"
"1634","405","423","136","Undirected","267"
"1635","405","452","1000","Undirected","267"
"1636","405","458","213","Undirected","267"
"1637","406","414","354","Undirected","84"
"1638","406","421","99","Undirected","84"
"1639","406","423","579","Undirected","84"
"1640","406","425","594","Undirected","84"
"1641","406","429","396","Undirected","84"
"1642","406","475","99","Undirected","84"
"1643","406","482","350","Undirected","84"
"1644","406","483","310","Undirected","84"
"1645","406","492","693","Undirected","84"
"1646","410","414","447","Undirected","8"
"1647","410","416","1000","Undirected","8"
"1648","410","483","894","Undirected","8"
"1649","414","416","447","Undirected","47"
"1650","414","429","894","Undirected","47"
"1651","414","482","632","Undirected","47"
"1652","414","483","400","Undirected","47"
"1653","416","483","894","Undirected","8"
"1654","421","423","136","Undirected","84"
"1655","421","475","1000","Undirected","84"
"1656","421","482","707","Undirected","84"
"1657","423","425","953","Undirected","84"
"1658","423","452","136","Undirected","84"
"1659","423","458","87","Undirected","84"
"1660","423","475","136","Undirected","84"
"1661","423","482","96","Undirected","84"
"1662","429","482","707","Undirected","47"
"1663","433","442","1000","Undirected","221"
"1664","433","458","853","Undirected","221"
"1665","433","498","1000","Undirected","221"
"1666","44","52","949","Undirected","8"
"1667","44","68","707","Undirected","8"
"1668","44","69","577","Undirected","8"
"1669","44","91","970","Undirected","8"
"1670","44","115","949","Undirected","8"
"1671","44","122","302","Undirected","8"
"1672","44","145","707","Undirected","8"
"1673","44","151","1000","Undirected","8"
"1674","44","180","1000","Undirected","8"
"1675","44","185","1000","Undirected","8"
"1676","44","247","333","Undirected","8"
"1677","44","249","1000","Undirected","8"
"1678","44","255","1000","Undirected","8"
"1679","44","289","1000","Undirected","8"
"1680","44","321","1000","Undirected","8"
"1681","44","326","1000","Undirected","8"
"1682","44","390","1000","Undirected","8"
"1683","44","403","1000","Undirected","8"
"1684","44","404","378","Undirected","8"
"1685","44","410","1000","Undirected","8"
"1686","44","414","447","Undirected","8"
"1687","44","416","1000","Undirected","8"
"1688","44","483","894","Undirected","8"
"1689","442","458","853","Undirected","221"
"1690","442","498","1000","Undirected","221"
"1691","448","494","707","Undirected","267"
"1692","45","53","408","Undirected","267"
"1693","45","63","234","Undirected","267"
"1694","45","65","277","Undirected","267"
"1695","45","116","308","Undirected","267"
"1696","45","130","289","Undirected","267"
"1697","45","259","707","Undirected","267"
"1698","45","261","218","Undirected","267"
"1699","45","283","146","Undirected","267"
"1700","45","323","1000","Undirected","267"
"1701","45","348","109","Undirected","267"
"1702","45","388","555","Undirected","267"
"1703","45","423","136","Undirected","267"
"1704","45","458","426","Undirected","267"
"1705","452","458","213","Undirected","267"
"1706","458","498","853","Undirected","221"
"1707","46","63","117","Undirected","267"
"1708","46","65","277","Undirected","267"
"1709","46","101","162","Undirected","267"
"1710","46","110","378","Undirected","267"
"1711","46","116","692","Undirected","267"
"1712","46","227","1000","Undirected","267"
"1713","46","253","894","Undirected","267"
"1714","46","283","438","Undirected","267"
"1715","46","333","530","Undirected","267"
"1716","46","348","381","Undirected","267"
"1717","46","388","277","Undirected","267"
"1718","46","469","1000","Undirected","267"
"1719","47","65","277","Undirected","53"
"1720","47","68","707","Undirected","53"
"1721","47","69","577","Undirected","53"
"1722","47","80","1000","Undirected","53"
"1723","47","111","487","Undirected","53"
"1724","47","118","1000","Undirected","53"
"1725","47","129","1000","Undirected","53"
"1726","47","145","707","Undirected","53"
"1727","47","181","408","Undirected","53"
"1728","47","274","378","Undirected","53"
"1729","47","277","577","Undirected","53"
"1730","47","283","292","Undirected","53"
"1731","47","316","1000","Undirected","53"
"1732","47","348","218","Undirected","53"
"1733","47","353","1000","Undirected","53"
"1734","47","383","707","Undirected","53"
"1735","47","406","693","Undirected","53"
"1736","47","483","447","Undirected","53"
"1737","47","492","1000","Undirected","53"
"1738","475","482","707","Undirected","84"
"1739","483","492","447","Undirected","8"
"1740","50","89","1000","Undirected","84"
"1741","50","100","1000","Undirected","84"
"1742","50","101","487","Undirected","84"
"1743","50","102","1000","Undirected","84"
"1744","50","111","811","Undirected","84"
"1745","50","122","302","Undirected","84"
"1746","50","133","845","Undirected","84"
"1747","50","154","1000","Undirected","84"
"1748","50","195","1000","Undirected","84"
"1749","50","213","447","Undirected","84"
"1750","50","234","1000","Undirected","84"
"1751","50","333","177","Undirected","84"
"1752","50","344","1000","Undirected","84"
"1753","50","348","54","Undirected","84"
"1754","50","357","707","Undirected","84"
"1755","50","398","577","Undirected","84"
"1756","50","406","594","Undirected","84"
"1757","50","423","953","Undirected","84"
"1758","50","425","1000","Undirected","84"
"1759","51","63","585","Undirected","267"
"1760","51","116","77","Undirected","267"
"1761","51","124","577","Undirected","267"
"1762","51","247","333","Undirected","267"
"1763","51","257","500","Undirected","267"
"1764","51","261","436","Undirected","267"
"1765","51","283","438","Undirected","267"
"1766","51","311","707","Undirected","267"
"1767","51","333","177","Undirected","267"
"1768","51","348","163","Undirected","267"
"1769","51","379","707","Undirected","267"
"1770","51","388","555","Undirected","267"
"1771","51","423","136","Undirected","267"
"1772","52","68","671","Undirected","8"
"1773","52","69","730","Undirected","8"
"1774","52","73","316","Undirected","8"
"1775","52","91","920","Undirected","8"
"1776","52","98","316","Undirected","8"
"1777","52","110","239","Undirected","8"
"1778","52","115","1000","Undirected","8"
"1779","52","122","286","Undirected","8"
"1780","52","135","316","Undirected","8"
"1781","52","139","316","Undirected","8"
"1782","52","145","671","Undirected","8"
"1783","52","151","949","Undirected","8"
"1784","52","180","949","Undirected","8"
"1785","52","185","949","Undirected","8"
"1786","52","238","316","Undirected","8"
"1787","52","247","316","Undirected","8"
"1788","52","249","949","Undirected","8"
"1789","52","255","949","Undirected","8"
"1790","52","287","316","Undirected","8"
"1791","52","289","949","Undirected","8"
"1792","52","302","316","Undirected","8"
"1793","52","321","949","Undirected","8"
"1794","52","326","949","Undirected","8"
"1795","52","383","224","Undirected","8"
"1796","52","390","949","Undirected","8"
"1797","52","403","949","Undirected","8"
"1798","52","404","478","Undirected","8"
"1799","52","406","125","Undirected","8"
"1800","52","410","949","Undirected","8"
"1801","52","414","707","Undirected","8"
"1802","52","416","949","Undirected","8"
"1803","52","429","316","Undirected","8"
"1804","52","482","224","Undirected","8"
"1805","52","483","849","Undirected","8"
"1806","53","63","96","Undirected","267"
"1807","53","65","566","Undirected","267"
"1808","53","66","816","Undirected","267"
"1809","53","70","730","Undirected","267"
"1810","53","107","866","Undirected","267"
"1811","53","116","283","Undirected","267"
"1812","53","130","118","Undirected","267"
"1813","53","161","258","Undirected","267"
"1814","53","219","816","Undirected","267"
"1815","53","247","136","Undirected","267"
"1816","53","259","289","Undirected","267"
"1817","53","261","267","Undirected","267"
"1818","53","264","236","Undirected","267"
"1819","53","274","309","Undirected","267"
"1820","53","283","60","Undirected","267"
"1821","53","291","408","Undirected","267"
"1822","53","293","816","Undirected","267"
"1823","53","306","408","Undirected","267"
"1824","53","315","183","Undirected","267"
"1825","53","323","408","Undirected","267"
"1826","53","333","217","Undirected","267"
"1827","53","348","377","Undirected","267"
"1828","53","360","289","Undirected","267"
"1829","53","388","226","Undirected","267"
"1830","53","400","408","Undirected","267"
"1831","53","423","56","Undirected","267"
"1832","53","431","577","Undirected","267"
"1833","53","458","174","Undirected","267"
"1834","6","23","102","Undirected","267"
"1835","6","53","408","Undirected","267"
"1836","6","107","707","Undirected","267"
"1837","6","116","385","Undirected","267"
"1838","6","161","632","Undirected","267"
"1839","6","247","333","Undirected","267"
"1840","6","261","436","Undirected","267"
"1841","6","264","577","Undirected","267"
"1842","6","291","1000","Undirected","267"
"1843","6","306","1000","Undirected","267"
"1844","6","315","447","Undirected","267"
"1845","6","333","530","Undirected","267"
"1846","6","348","163","Undirected","267"
"1847","6","360","236","Undirected","267"
"1848","6","400","1000","Undirected","267"
"1849","63","65","519","Undirected","267"
"1850","63","70","314","Undirected","267"
"1851","63","92","117","Undirected","267"
"1852","63","101","133","Undirected","267"
"1853","63","109","117","Undirected","267"
"1854","63","110","310","Undirected","267"
"1855","63","116","450","Undirected","267"
"1856","63","123","117","Undirected","267"
"1857","63","124","338","Undirected","267"
"1858","63","130","68","Undirected","267"
"1859","63","136","669","Undirected","267"
"1860","63","161","37","Undirected","267"
"1861","63","165","117","Undirected","267"
"1862","63","175","166","Undirected","267"
"1863","63","178","117","Undirected","267"
"1864","63","181","621","Undirected","267"
"1865","63","223","227","Undirected","267"
"1866","63","227","117","Undirected","267"
"1867","63","232","117","Undirected","267"
"1868","63","242","117","Undirected","267"
"1869","63","247","507","Undirected","267"
"1870","63","253","105","Undirected","267"
"1871","63","257","761","Undirected","267"
"1872","63","259","166","Undirected","267"
"1873","63","261","409","Undirected","267"
"1874","63","274","531","Undirected","267"
"1875","63","277","68","Undirected","267"
"1876","63","283","495","Undirected","267"
"1877","63","311","414","Undirected","267"
"1878","63","313","105","Undirected","267"
"1879","63","315","157","Undirected","267"
"1880","63","323","234","Undirected","267"
"1881","63","333","228","Undirected","267"
"1882","63","348","656","Undirected","267"
"1883","63","349","702","Undirected","267"
"1884","63","360","662","Undirected","267"
"1885","63","371","702","Undirected","267"
"1886","63","379","414","Undirected","267"
"1887","63","382","234","Undirected","267"
"1888","63","388","487","Undirected","267"
"1889","63","391","48","Undirected","267"
"1890","63","423","111","Undirected","267"
"1891","63","431","83","Undirected","267"
"1892","63","448","117","Undirected","267"
"1893","63","458","150","Undirected","267"
"1894","63","469","117","Undirected","267"
"1895","63","476","702","Undirected","267"
"1896","63","494","83","Undirected","267"
"1897","65","66","555","Undirected","267"
"1898","65","68","196","Undirected","267"
"1899","65","69","160","Undirected","267"
"1900","65","70","744","Undirected","267"
"1901","65","80","277","Undirected","267"
"1902","65","92","277","Undirected","267"
"1903","65","101","180","Undirected","267"
"1904","65","107","392","Undirected","267"
"1905","65","110","314","Undirected","267"
"1906","65","111","135","Undirected","267"
"1907","65","116","469","Undirected","267"
"1908","65","118","277","Undirected","267"
"1909","65","123","277","Undirected","267"
"1910","65","124","160","Undirected","267"
"1911","65","129","277","Undirected","267"
"1912","65","130","80","Undirected","267"
"1913","65","136","566","Undirected","267"
"1914","65","145","196","Undirected","267"
"1915","65","161","175","Undirected","267"
"1916","65","165","277","Undirected","267"
"1917","65","178","277","Undirected","267"
"1918","65","181","566","Undirected","267"
"1919","65","219","555","Undirected","267"
"1920","65","227","277","Undirected","267"
"1921","65","247","462","Undirected","267"
"1922","65","253","372","Undirected","267"
"1923","65","257","416","Undirected","267"
"1924","65","259","392","Undirected","267"
"1925","65","261","242","Undirected","267"
"1926","65","262","160","Undirected","267"
"1927","65","274","734","Undirected","267"
"1928","65","277","320","Undirected","267"
"1929","65","283","364","Undirected","267"
"1930","65","293","555","Undirected","267"
"1931","65","296","277","Undirected","267"
"1932","65","313","248","Undirected","267"
"1933","65","315","124","Undirected","267"
"1934","65","316","277","Undirected","267"
"1935","65","323","277","Undirected","267"
"1936","65","333","294","Undirected","267"
"1937","65","348","769","Undirected","267"
"1938","65","349","555","Undirected","267"
"1939","65","353","277","Undirected","267"
"1940","65","360","654","Undirected","267"
"1941","65","371","555","Undirected","267"
"1942","65","379","196","Undirected","267"
"1943","65","383","196","Undirected","267"
"1944","65","388","231","Undirected","267"
"1945","65","391","113","Undirected","267"
"1946","65","406","192","Undirected","267"
"1947","65","423","38","Undirected","267"
"1948","65","431","392","Undirected","267"
"1949","65","458","118","Undirected","267"
"1950","65","460","277","Undirected","267"
"1951","65","469","277","Undirected","267"
"1952","65","476","555","Undirected","267"
"1953","65","483","124","Undirected","267"
"1954","65","492","277","Undirected","267"
"1955","66","70","894","Undirected","267"
"1956","66","107","707","Undirected","267"
"1957","66","219","1000","Undirected","267"
"1958","66","274","378","Undirected","267"
"1959","66","293","1000","Undirected","267"
"1960","66","348","326","Undirected","267"
"1961","66","360","236","Undirected","267"
"1962","66","431","707","Undirected","267"
"1963","67","116","77","Undirected","267"
"1964","67","124","577","Undirected","267"
"1965","67","130","289","Undirected","267"
"1966","67","194","1000","Undirected","267"
"1967","67","203","1000","Undirected","267"
"1968","67","223","277","Undirected","267"
"1969","67","261","436","Undirected","267"
"1970","67","262","577","Undirected","267"
"1971","67","264","577","Undirected","267"
"1972","67","277","577","Undirected","267"
"1973","67","283","146","Undirected","267"
"1974","67","284","894","Undirected","267"
"1975","67","311","707","Undirected","267"
"1976","67","348","54","Undirected","267"
"1977","67","388","555","Undirected","267"
"1978","67","391","816","Undirected","267"
"1979","67","405","1000","Undirected","267"
"1980","67","423","136","Undirected","267"
"1981","67","452","1000","Undirected","267"
"1982","67","458","213","Undirected","267"
"1983","68","69","816","Undirected","8"
"1984","68","80","707","Undirected","8"
"1985","68","91","686","Undirected","8"
"1986","68","111","344","Undirected","8"
"1987","68","115","671","Undirected","8"
"1988","68","118","707","Undirected","8"
"1989","68","122","213","Undirected","8"
"1990","68","129","707","Undirected","8"
"1991","68","145","1000","Undirected","8"
"1992","68","151","707","Undirected","8"
"1993","68","180","707","Undirected","8"
"1994","68","181","289","Undirected","8"
"1995","68","185","707","Undirected","8"
"1996","68","247","236","Undirected","8"
"1997","68","249","707","Undirected","8"
"1998","68","255","707","Undirected","8"
"1999","68","274","267","Undirected","8"
"2000","68","277","408","Undirected","8"
"2001","68","283","206","Undirected","8"
"2002","68","289","707","Undirected","8"
"2003","68","316","707","Undirected","8"
"2004","68","321","707","Undirected","8"
"2005","68","326","707","Undirected","8"
"2006","68","348","154","Undirected","8"
"2007","68","353","707","Undirected","8"
"2008","68","383","500","Undirected","8"
"2009","68","390","707","Undirected","8"
"2010","68","403","707","Undirected","8"
"2011","68","404","267","Undirected","8"
"2012","68","406","490","Undirected","8"
"2013","68","410","707","Undirected","8"
"2014","68","414","316","Undirected","8"
"2015","68","416","707","Undirected","8"
"2016","68","483","949","Undirected","8"
"2017","68","492","707","Undirected","8"
"2018","69","73","577","Undirected","8"
"2019","69","80","577","Undirected","8"
"2020","69","91","560","Undirected","8"
"2021","69","98","577","Undirected","8"
"2022","69","110","436","Undirected","8"
"2023","69","111","281","Undirected","8"
"2024","69","115","730","Undirected","8"
"2025","69","118","577","Undirected","8"
"2026","69","122","174","Undirected","8"
"2027","69","129","577","Undirected","8"
"2028","69","135","577","Undirected","8"
"2029","69","139","577","Undirected","8"
"2030","69","145","816","Undirected","8"
"2031","69","151","577","Undirected","8"
"2032","69","180","577","Undirected","8"
"2033","69","181","236","Undirected","8"
"2034","69","185","577","Undirected","8"
"2035","69","238","577","Undirected","8"
"2036","69","247","192","Undirected","8"
"2037","69","249","577","Undirected","8"
"2038","69","255","577","Undirected","8"
"2039","69","274","218","Undirected","8"
"2040","69","277","333","Undirected","8"
"2041","69","283","168","Undirected","8"
"2042","69","287","577","Undirected","8"
"2043","69","289","577","Undirected","8"
"2044","69","302","577","Undirected","8"
"2045","69","316","577","Undirected","8"
"2046","69","321","577","Undirected","8"
"2047","69","326","577","Undirected","8"
"2048","69","348","126","Undirected","8"
"2049","69","353","577","Undirected","8"
"2050","69","383","816","Undirected","8"
"2051","69","390","577","Undirected","8"
"2052","69","403","577","Undirected","8"
"2053","69","404","436","Undirected","8"
"2054","69","406","629","Undirected","8"
"2055","69","410","577","Undirected","8"
"2056","69","414","775","Undirected","8"
"2057","69","416","577","Undirected","8"
"2058","69","429","577","Undirected","8"
"2059","69","482","408","Undirected","8"
"2060","69","483","775","Undirected","8"
"2061","69","492","577","Undirected","8"
"2062","7","13","1000","Undirected","8"
"2063","7","23","865","Undirected","8"
"2064","7","24","707","Undirected","8"
"2065","7","33","1000","Undirected","8"
"2066","7","44","1000","Undirected","8"
"2067","7","52","949","Undirected","8"
"2068","7","68","707","Undirected","8"
"2069","7","69","577","Undirected","8"
"2070","7","91","970","Undirected","8"
"2071","7","115","949","Undirected","8"
"2072","7","122","302","Undirected","8"
"2073","7","145","707","Undirected","8"
"2074","7","151","1000","Undirected","8"
"2075","7","180","1000","Undirected","8"
"2076","7","185","1000","Undirected","8"
"2077","7","247","333","Undirected","8"
"2078","7","249","1000","Undirected","8"
"2079","7","255","1000","Undirected","8"
"2080","7","289","1000","Undirected","8"
"2081","7","321","1000","Undirected","8"
"2082","7","326","1000","Undirected","8"
"2083","7","390","1000","Undirected","8"
"2084","7","403","1000","Undirected","8"
"2085","7","404","378","Undirected","8"
"2086","7","410","1000","Undirected","8"
"2087","7","414","447","Undirected","8"
"2088","7","416","1000","Undirected","8"
"2089","7","483","894","Undirected","8"
"2090","70","107","632","Undirected","267"
"2091","70","110","169","Undirected","267"
"2092","70","116","138","Undirected","267"
"2093","70","136","365","Undirected","267"
"2094","70","181","365","Undirected","267"
"2095","70","219","894","Undirected","267"
"2096","70","247","149","Undirected","267"
"2097","70","257","224","Undirected","267"
"2098","70","274","676","Undirected","267"
"2099","70","293","894","Undirected","267"
"2100","70","348","511","Undirected","267"
"2101","70","349","447","Undirected","267"
"2102","70","360","632","Undirected","267"
"2103","70","371","447","Undirected","267"
"2104","70","431","632","Undirected","267"
"2105","70","476","447","Undirected","267"
"2106","73","98","1000","Undirected","47"
"2107","73","110","756","Undirected","47"
"2108","73","115","316","Undirected","47"
"2109","73","135","1000","Undirected","47"
"2110","73","139","1000","Undirected","47"
"2111","73","238","1000","Undirected","47"
"2112","73","287","1000","Undirected","47"
"2113","73","302","1000","Undirected","47"
"2114","73","383","707","Undirected","47"
"2115","73","404","378","Undirected","47"
"2116","73","406","396","Undirected","47"
"2117","73","414","894","Undirected","47"
"2118","73","429","1000","Undirected","47"
"2119","73","482","707","Undirected","47"
"2120","75","91","243","Undirected","84"
"2121","75","101","649","Undirected","84"
"2122","75","111","324","Undirected","84"
"2123","75","112","1000","Undirected","84"
"2124","75","125","1000","Undirected","84"
"2125","75","133","507","Undirected","84"
"2126","75","184","1000","Undirected","84"
"2127","75","213","894","Undirected","84"
"2128","75","223","277","Undirected","84"
"2129","75","336","1000","Undirected","84"
"2130","75","357","707","Undirected","84"
"2131","75","398","577","Undirected","84"
"2132","75","406","99","Undirected","84"
"2133","75","421","1000","Undirected","84"
"2134","75","423","136","Undirected","84"
"2135","75","475","1000","Undirected","84"
"2136","75","482","707","Undirected","84"
"2137","80","111","487","Undirected","53"
"2138","80","118","1000","Undirected","53"
"2139","80","129","1000","Undirected","53"
"2140","80","145","707","Undirected","53"
"2141","80","181","408","Undirected","53"
"2142","80","274","378","Undirected","53"
"2143","80","277","577","Undirected","53"
"2144","80","283","292","Undirected","53"
"2145","80","316","1000","Undirected","53"
"2146","80","348","218","Undirected","53"
"2147","80","353","1000","Undirected","53"
"2148","80","383","707","Undirected","53"
"2149","80","406","693","Undirected","53"
"2150","80","483","447","Undirected","53"
"2151","80","492","1000","Undirected","53"
"2152","89","100","1000","Undirected","84"
"2153","89","101","487","Undirected","84"
"2154","89","102","1000","Undirected","84"
"2155","89","111","811","Undirected","84"
"2156","89","122","302","Undirected","84"
"2157","89","133","845","Undirected","84"
"2158","89","154","1000","Undirected","84"
"2159","89","195","1000","Undirected","84"
"2160","89","213","447","Undirected","84"
"2161","89","234","1000","Undirected","84"
"2162","89","333","177","Undirected","84"
"2163","89","344","1000","Undirected","84"
"2164","89","348","54","Undirected","84"
"2165","89","357","707","Undirected","84"
"2166","89","398","577","Undirected","84"
"2167","89","406","594","Undirected","84"
"2168","89","423","953","Undirected","84"
"2169","89","425","1000","Undirected","84"
"2170","91","101","157","Undirected","8"
"2171","91","111","79","Undirected","8"
"2172","91","112","243","Undirected","8"
"2173","91","115","920","Undirected","8"
"2174","91","122","293","Undirected","8"
"2175","91","125","243","Undirected","8"
"2176","91","133","123","Undirected","8"
"2177","91","145","686","Undirected","8"
"2178","91","151","970","Undirected","8"
"2179","91","180","970","Undirected","8"
"2180","91","184","243","Undirected","8"
"2181","91","185","970","Undirected","8"
"2182","91","213","217","Undirected","8"
"2183","91","223","67","Undirected","8"
"2184","91","247","323","Undirected","8"
"2185","91","249","970","Undirected","8"
"2186","91","255","970","Undirected","8"
"2187","91","289","970","Undirected","8"
"2188","91","321","970","Undirected","8"
"2189","91","326","970","Undirected","8"
"2190","91","336","243","Undirected","8"
"2191","91","357","171","Undirected","8"
"2192","91","390","970","Undirected","8"
"2193","91","398","140","Undirected","8"
"2194","91","403","970","Undirected","8"
"2195","91","404","367","Undirected","8"
"2196","91","406","24","Undirected","8"
"2197","91","410","970","Undirected","8"
"2198","91","414","434","Undirected","8"
"2199","91","416","970","Undirected","8"
"2200","91","421","243","Undirected","8"
"2201","91","423","33","Undirected","8"
"2202","91","475","243","Undirected","8"
"2203","91","482","171","Undirected","8"
"2204","91","483","868","Undirected","8"
"2205","92","101","324","Undirected","267"
"2206","92","116","77","Undirected","267"
"2207","92","123","1000","Undirected","267"
"2208","92","136","408","Undirected","267"
"2209","92","165","1000","Undirected","267"
"2210","92","178","1000","Undirected","267"
"2211","92","247","667","Undirected","267"
"2212","92","261","436","Undirected","267"
"2213","92","277","577","Undirected","267"
"2214","92","283","146","Undirected","267"
"2215","92","315","447","Undirected","267"
"2216","92","348","109","Undirected","267"
"2217","92","391","408","Undirected","267"
"2218","98","110","756","Undirected","47"
"2219","98","115","316","Undirected","47"
"2220","98","135","1000","Undirected","47"
"2221","98","139","1000","Undirected","47"
"2222","98","238","1000","Undirected","47"
"2223","98","287","1000","Undirected","47"
"2224","98","302","1000","Undirected","47"
"2225","98","383","707","Undirected","47"
"2226","98","404","378","Undirected","47"
"2227","98","406","396","Undirected","47"
"2228","98","414","894","Undirected","47"
"2229","98","429","1000","Undirected","47"
"2230","98","482","707","Undirected","47"
